{"cameraMode":{"drawMode":0,"name":"Shaded","section":"Shading Mode"},"sceneLighting":true,"audioPlay":false,"sceneViewState":{"m_AlwaysRefresh":false,"showFog":true,"showSkybox":true,"showFlares":true,"showImageEffects":true,"showParticleSystems":true,"showVisualEffectGraphs":true,"m_FxEnabled":true},"in2DMode":false,"pivot":{"x":22.878284454345704,"y":0.994720458984375,"z":9.608139991760254},"rotation":{"x":0.31201788783073428,"y":0.02165934443473816,"z":-0.0071150753647089008,"w":0.9498090744018555},"size":20.599151611328126,"orthographic":false}