{"cameraMode":{"drawMode":0,"name":"Shaded","section":"Shading Mode"},"sceneLighting":true,"audioPlay":false,"sceneViewState":{"m_AlwaysRefresh":false,"showFog":true,"showSkybox":true,"showFlares":true,"showImageEffects":true,"showParticleSystems":true,"showVisualEffectGraphs":true,"m_FxEnabled":true},"in2DMode":false,"pivot":{"x":13.061285972595215,"y":-20.293869018554689,"z":48.6815071105957},"rotation":{"x":0.3366885781288147,"y":-0.022595945745706559,"z":0.008082139305770398,"w":0.9413130879402161},"size":50.620445251464847,"orthographic":false}