{"cameraMode":{"drawMode":0,"name":"Shaded","section":"Shading Mode"},"sceneLighting":false,"audioPlay":false,"sceneViewState":{"m_AlwaysRefresh":false,"showFog":true,"showSkybox":false,"showFlares":true,"showImageEffects":true,"showParticleSystems":true,"showVisualEffectGraphs":true,"m_FxEnabled":true},"in2DMode":false,"pivot":{"x":0.03783401846885681,"y":-1.0041394233703614,"z":3.4000234603881838},"rotation":{"x":0.14793533086776734,"y":0.016317665576934816,"z":-0.0024410325568169357,"w":0.9888625144958496},"size":7.85238790512085,"orthographic":false}