{"cameraMode":{"drawMode":0,"name":"Shaded","section":"Shading Mode"},"sceneLighting":false,"audioPlay":false,"sceneViewState":{"m_AlwaysRefresh":false,"showFog":true,"showSkybox":false,"showFlares":true,"showImageEffects":true,"showParticleSystems":true,"showVisualEffectGraphs":true,"m_FxEnabled":true},"in2DMode":false,"pivot":{"x":-1.0696048736572266,"y":4.992364883422852,"z":-2.1235926151275636},"rotation":{"x":0.23172082006931306,"y":-0.035011518746614459,"z":0.008345697075128556,"w":0.9721195101737976},"size":4.1575422286987309,"orthographic":false}